"","x"
"1",TRUE
"2",TRUE
"3",TRUE
"4",TRUE
"5",TRUE
"6",TRUE
"7",TRUE
"8",TRUE
"9",TRUE
"10",TRUE
"11",TRUE
"12",TRUE
"13",TRUE
"14",TRUE
"15",TRUE
"16",TRUE
"17",TRUE
"18",TRUE
"19",TRUE
"20",TRUE
"21",TRUE
"22",TRUE
"23",TRUE
"24",TRUE
"25",TRUE
"26",TRUE
"27",TRUE
"28",TRUE
"29",TRUE
"30",TRUE
"31",TRUE
"32",TRUE
"33",TRUE
"34",TRUE
"35",TRUE
"36",TRUE
"37",TRUE
"38",TRUE
"39",TRUE
"40",TRUE
"41",TRUE
"42",TRUE
"43",TRUE
"44",TRUE
"45",TRUE
"46",TRUE
"47",TRUE
"48",TRUE
"49",TRUE
"50",TRUE
"51",FALSE
"52",FALSE
"53",FALSE
"54",FALSE
"55",FALSE
"56",FALSE
"57",FALSE
"58",FALSE
"59",FALSE
"60",FALSE
"61",FALSE
"62",FALSE
"63",FALSE
"64",FALSE
"65",FALSE
"66",FALSE
"67",FALSE
"68",FALSE
"69",FALSE
"70",FALSE
"71",FALSE
"72",FALSE
"73",FALSE
"74",FALSE
"75",FALSE
"76",FALSE
"77",FALSE
"78",FALSE
"79",FALSE
"80",FALSE
"81",FALSE
"82",FALSE
"83",FALSE
"84",FALSE
"85",FALSE
"86",FALSE
"87",FALSE
"88",FALSE
"89",FALSE
"90",FALSE
"91",FALSE
"92",FALSE
"93",FALSE
"94",FALSE
"95",FALSE
"96",FALSE
"97",FALSE
"98",FALSE
"99",FALSE
"100",FALSE
"101",FALSE
"102",FALSE
"103",FALSE
"104",FALSE
"105",FALSE
"106",FALSE
"107",FALSE
"108",FALSE
"109",FALSE
"110",FALSE
"111",FALSE
"112",FALSE
"113",FALSE
"114",FALSE
"115",FALSE
"116",FALSE
"117",FALSE
"118",FALSE
"119",FALSE
"120",FALSE
"121",FALSE
"122",FALSE
"123",FALSE
"124",FALSE
"125",FALSE
"126",FALSE
"127",FALSE
"128",FALSE
"129",FALSE
"130",FALSE
"131",FALSE
"132",FALSE
"133",FALSE
"134",FALSE
"135",FALSE
"136",FALSE
"137",FALSE
"138",FALSE
"139",FALSE
"140",FALSE
"141",FALSE
"142",FALSE
"143",FALSE
"144",FALSE
"145",FALSE
"146",FALSE
"147",FALSE
"148",FALSE
"149",FALSE
"150",FALSE
